{"cameraMode":{"drawMode":0,"name":"Shaded","section":"Shading Mode"},"sceneLighting":false,"audioPlay":false,"sceneViewState":{"showFog":true,"showMaterialUpdate":true,"showSkybox":false,"showFlares":true,"showImageEffects":true,"showParticleSystems":true},"in2DMode":false,"pivot":{"x":-20.15694236755371,"y":-1.142843246459961,"z":-2.2991247177124025},"rotation":{"x":0.07354474812746048,"y":-0.7901297211647034,"z":0.09672468900680542,"w":0.6007936596870422},"size":6.0896477699279789,"orthographic":false}