{"cameraMode":{"drawMode":0,"name":"Shaded","section":"Shading Mode"},"sceneLighting":true,"audioPlay":false,"sceneViewState":{"showFog":true,"showMaterialUpdate":true,"showSkybox":true,"showFlares":true,"showImageEffects":true,"showParticleSystems":true},"in2DMode":false,"pivot":{"x":2.8577880859375,"y":3.533203125,"z":4.50048828125},"rotation":{"x":0.04716773331165314,"y":0.809598445892334,"z":-0.5814225077629089,"w":0.06572259217500687},"size":13.568222045898438,"orthographic":true}