{"cameraMode":{"drawMode":0,"name":"Shaded","section":"Shading Mode"},"sceneLighting":false,"audioPlay":false,"sceneViewState":{"showFog":true,"showMaterialUpdate":true,"showSkybox":false,"showFlares":true,"showImageEffects":true,"showParticleSystems":true},"in2DMode":false,"pivot":{"x":-12.44578742980957,"y":2.8698554039001467,"z":-4.495534896850586},"rotation":{"x":-0.001351571292616427,"y":-0.9985753297805786,"z":0.043774086982011798,"w":-0.030858470126986505},"size":4.22240686416626,"orthographic":false}