{"cameraMode":{"drawMode":0,"name":"Shaded","section":"Shading Mode"},"sceneLighting":false,"audioPlay":false,"sceneViewState":{"showFog":true,"showMaterialUpdate":true,"showSkybox":false,"showFlares":true,"showImageEffects":true,"showParticleSystems":true},"in2DMode":false,"pivot":{"x":-13.598645210266114,"y":1.8856629133224488,"z":-7.269069671630859},"rotation":{"x":0.0183618925511837,"y":-0.9810890555381775,"z":0.11860695481300354,"w":0.15189890563488007},"size":3.241178274154663,"orthographic":false}